int(self),nb_people,time / #day,time / #minute
0,900,0.08819444444444445,127.0
1,900,0.2534722222222222,365.0
